ID,name,createdAt,createdBy,modifiedAt,modifiedBy
18816142-cf48-43c4-b672-c52c437fa68a,name-18816142,2014-07-30T03:00:00.000Z,createdBy.b7amm@example.com,2009-10-15T03:00:00.000Z,modifiedBy.b7amm@example.net
25800859-f8a2-4e69-adfe-9702c851c822,name-25800859,2016-12-24T03:00:00.000Z,createdBy.fd02j@example.net,2015-06-26T03:00:00.000Z,modifiedBy.fd02j@example.com
25800860-62ea-4828-a243-af9dd414f990,name-25800860,2020-06-21T03:00:00.000Z,createdBy.fd02k@example.com,2019-08-30T03:00:00.000Z,modifiedBy.fd02k@example.org
25800861-5617-4faf-be3d-ff0122ac436d,name-25800861,2000-12-01T03:00:00.000Z,createdBy.fd02l@example.com,2021-04-11T03:00:00.000Z,modifiedBy.fd02l@example.com
25800862-36e6-4db8-997e-f7b0aa1a3822,name-25800862,2001-05-16T03:00:00.000Z,createdBy.fd02m@example.net,2010-05-21T03:00:00.000Z,modifiedBy.fd02m@example.net
25800863-ca3b-4082-8112-c9f5bbf6f8db,name-25800863,2003-11-18T03:00:00.000Z,createdBy.fd02n@example.com,2022-11-22T03:00:00.000Z,modifiedBy.fd02n@example.net
25800864-9b5a-4cef-a6e9-b7eea9b64a6e,name-25800864,2017-04-13T03:00:00.000Z,createdBy.fd02o@example.com,2008-12-17T03:00:00.000Z,modifiedBy.fd02o@example.com
25800865-21d8-4e89-9a3c-01099de9ae99,name-25800865,2005-12-07T03:00:00.000Z,createdBy.fd02p@example.net,2014-08-04T03:00:00.000Z,modifiedBy.fd02p@example.org
25800866-50cc-4b61-a627-ef18051f9184,name-25800866,2023-10-10T03:00:00.000Z,createdBy.fd02q@example.com,2012-01-26T03:00:00.000Z,modifiedBy.fd02q@example.net
25800867-99db-4a49-8ae6-0b7bf3982cc0,name-25800867,2014-11-10T03:00:00.000Z,createdBy.fd02r@example.net,2014-12-29T03:00:00.000Z,modifiedBy.fd02r@example.net